{
    "rmse": 0.8049904734148575,
    "mae": 0.6598676914472604,
    "r2": 0.00841032564203803
}