{
    "rmse": 0.8047857123937787,
    "mae": 0.6606822819487485,
    "r2": 0.008914711962046962
}